Title,ID,Website URL,Sectors,Simplified Sector Mapping,Endorsed,Provider type 1,Provider type 2,Lead provider,Growth hub / Catapult,DEAD,Regions,Type of programme,One to watch,Support available,Programme costs,Offerings,Other delivery partners,Public funded,Year programme started,Lead contact name,Lead contact email,Thumbnail image,Filter,Categories,Themes,Copy,Locations_map_point_address,Locations_map_point_street_name,Locations_map_point_street_short_name,Locations_map_point_city,Locations_map_point_state,Locations_map_point_state_short,Locations_map_point_post_code,Locations_map_point_country,Co-ordinates
Accenture Fintech Lab,13141,https://www.fintechinnovationlab.com/regions/london/,Technology & Communications,Fintech,,Provider type>Private sector,,Accenture,,,International,Scaling firm focus,,Support for R&D and/or innovation,Free,Programme,,,2011,,fintechlondon@accenture.com,https://v2-scaleup-institute.pantheonsite.io/wp-content/uploads/2022/07/fintechinnovationlab-Logo-1.png,Support Offer,CONNECTING BUSINESSES WITH BUYERS OR CORPORATE/GOVERNMENT COLLABORATION,Access to Markets,"The FinTech Innovation Lab is a highly competitive, 12-week program that helps early to growth-stage enterprise technology companies refine and test their value proposition with the support of the world's leading financial service firms.",30 Fenchurch St,London,,,England,England,EC3M 3BD,United Kingdom,"51.51136,-0.08226"
ASCEND Scale Up Programme,,https://www.businessgrowthhub.com/programmes/ascend-scale-up/,Sector agnostic,Professional Services,,Provider type>Public/hybrid mix,,GM Business Growth Hub,,,North West,Scaling firm focus,,Leadership development/capacity building,Free,Programme,KPMG,,,,,,Ecosystem,REGIONAL GROWTH,Leadership,"The ASCEND Scale Up Programme is a 6-month programme tailored for local founders of high-growth businesses in Greater Manchester and help them rapidly scale. It includes workshops, personalised coaching and mentoring, funding opportunities and more. ",M1 5JW,Manchester,,,,,M1 5JW,,"53.474951, -2.243761"
Beyond,,https://gatherlcr.com/beyond,"CREATIVE, DIGITAL, FILM, GAMES & MEDIA",Creative Industries,1,Provider type>Public/hybrid mix,,Gather,,,North West,ScaleUp Institute Endorsed/One to Watch,,Leadership development/capacity building,Free,Programme,,,,,,,Ecosystem,REGIONAL GROWTH,Leadership,"Beyond is a bespoke scaleup support programme delivering consultancy and executive coaching across 6 months.  

Beyond's objective is to accelerate growth ambitions by catering to digital, creative, and tech firms in  the Liverpool City Region with 10+ employees. The programme has supported 45 companies to date, including some of the region's fastest-growing  scaleups, including Milexa Group, Redwigwam and SupplyWell. 

Beyond is a pivotal component of Gather - a comprehensive business support and ecosystem development initiative. To date, Gather has supported over 180 digital, creative, and tech businesses  across the Liverpool City Region. 

As of 2024, 45 scaling businesses have been supported so far by Beyond, with 579 jobs created. Scaling businesses who have participated in the programme report an average 65% turnover growth and 50% of participating businesses reported an increase in headcount. 

Moving forward, 89% of participating businesses anticipate 20%+ growth over the next 5 years. 
.“Beyond is an excellent program, because it was bespoke to our specific business needs we were able to get  started on implementing plans and finding out what our strengths and weaknesses are almost straight away.  We had a lot of anxiety about the future after the Pandemic and had a challenging year, but being part of this program helped us look forward and plan what we wanted the future to look like and how to get there. The  sessions brought so many ideas and ways of working that we have chosen to keep working with consultant  and coach.” 
Jen Fenner, MD, DefProc 
“Beyond has been a really high quality business support to us at an exciting time in our business growth. It has  given me confidence in the values of my organisation and my ability to plan a future vision.” 
Su Stringfellow, Founder, Harrison Stringfellow 
“Thank you to the Gather team, who through the Beyond programme connected Hi-impact with Susanna. Her  experience and advice has supported hi-impact to implement key strategic objectives and realign the business'  vision and steps for growth.” 
Kylie Reid, MD, Hi Impact 
“Being part of Beyond has been significant for us and the success of our business. The attention to detail the  team gives to carefully select your growth consultant meant that we were matched with someone who aligned  with what support we needed and our business values.” 
Chelsea Slater, Founder, InnovateHer 
",,,,,,,L3 1BP,,"53.400588, -2.993145"
British Library: Get Ready for Business Growth,13199,https://www.bl.uk/bipc/,"CREATIVE, DIGITAL, FILM, GAMES & MEDIA",Creative Industries,1,Provider type>Public/hybrid mix,,British Library,,,East Midlands|East of England|North East|North West|Scotland|South East|South West|West Midlands|Yorkshire & the Humber,ScaleUp Institute Endorsed/One to Watch,,Leadership development/capacity building,Free,Programme,,,,"Savory, Anna",Anna.Savory@bl.uk,https://v2-scaleup-institute.pantheonsite.io/wp-content/uploads/2019/11/british-library-300x213-2.jpg,Support Offer,,Leadership,"Launched in 2022, the British Library’s Get Ready for Business Growth builds on the success and legacy of the SUI endorsed Innovating for Growth (I4G) programme – the British Library’s flagship scale-up offering.

As a direct continuation of the I4G programme with a much larger national reach, the three-month programme offers tailored scaleup support for businesses in the arts and culture sector across England and Scotland. It is funded by Arts Council England and has been designed and delivered by the British Library Business & Intellectual Property Centre (BIPC) and a number of private sector partners. The programme has tapped into the British Library’s BIPC National Network, consisting of 22 Business & IP Centres across the UK and a further 86 satellite services delivered through town libraries.

Get Ready for Business Growth has adopted I4G’s course structure and leverages its existing network of delivery partners along with two key learnings: the importance of assigned Relationship Managers and an emphasis on the British Library’s collections and customised business research. The overall programme consists of three streams; Get Ready for Business Growth: Scale-ups, Get Ready for Business Growth: Mentoring and Get Ready for Business Growth: Start-ups and is delivered completely virtually.

The programme, which is delivered to cohorts of c. 25 creative business leaders, consists of 8 workshops and 8 one to one bespoke sessions totalling 32 hours of support. The one to one sessions cover support in strategy development, fundraisings, testing and launching new products, protecting their IP, research competitors and many more. Each participant is paired with a Relationship Manager who oversees their engagement, acts as a counsellor and refers them to relevant services support. Additionally, they receive a personalised research report drawing on the Library’s world-leading collections and are trained in the use of the BIPC’s extensive market research resources.

Get Ready for Business Growth graduates benefit from access to the ‘Growth Club’, an existing community of over 700 leaders, first established as part of I4G; and ongoing engagement with their relationship manager enables their progress to be tracked and the measurement of business outcomes, while also providing ongoing support.

In its first year, the programme reported positive impact outperforming I4G’s first year in terms of number of scaleup businesses supported, jobs created and new products, processes and services generated, as well as the number of mentors trained. So far, the ‘Get Ready for Business Growth: Scale-ups’ stream has helped 98 creative scaling businesses, with so far 23% of them creating 56 new jobs. As a result of the programme’s learnings, participants have created and implemented 68 new products, processes and services in the first three quarters. 40 graduate mentors were trained with accreditation from the Institute of Leadership & Management (ILM) and all participants have been signposted to continuing accelerators and business hubs as part of offboarding from the programme.
<blockquote><span style=""font-family: inherit;"">""I feel very bittersweet about graduating because it's been such a transformative experience for our business. Running your own business can be a lonely place, but this programme provided us with the opportunity to meet like-minded people and receive invaluable feedback from experts in their respective fields. We feel more determined than ever to grow and reach new heights thanks to Get Ready for Business Growth.”</span></blockquote>
Dana - Codex Anatomy
<blockquote>""We LOVED being a part of this course. It has been intense at times but we realised how much our mindset has changed in the past three months. I feel like our purpose and drive has come back. Things that felt overwhelming and complicated at the start of the programme like auditing our suppliers and measuring our marketing activities now feel achievable and we are really excited to input more that we have learnt into our strategy for 2023.”</blockquote>
Bee and Amy - Aarven",96 Euston Road,London,,,England,England,NW1 2DB,United Kingdom,"51.52999,-0.12701"
Clean Growth UK,13239,https://www.clean-growth.uk/,Environmental Science & Technology,Net Zero,,Provider type>Public/hybrid mix,Provider type>University/Business School,Clean Growth UK,,,North West|South East|South West,Scaling firm focus,,Financial support/access|Skills training|Support for R&D and/or innovation,Free,Service,,1,,,,https://v2-scaleup-institute.pantheonsite.io/wp-content/uploads/2022/11/CleanGrowth.png,Ecosystem,"SECTORAL DEVELOPMENT, INCREASING PRODUCTIVITY, REGIONAL GROWTH",Infrastructure,"The Clean Growth programme helps early-stage and scaling businesses develop clean and green products, services and processes through access to research expertise and facilities, free expert workshops and business resources and funding opportunities. The programme operates across the North West, South West and South East through regional university hubs.","University of Brighton, Watts Building|University of Portsmouth, 0.08a Lion Gate Building, Lion Terrace",||,||,|Brighton and Hove|,England|England|England,England|England|England,PO1 3HF,United Kingdom|United Kingdom|United Kingdom,"50.79893,-1.09834"
Create Growth Programme,13276,https://iuk.ktn-uk.org/programme/create-growth/#page_top,"CREATIVE, DIGITAL, FILM, GAMES & MEDIA
",Creative Industries,,Provider type>Innovate UK,Provider type>Public/hybrid mix,Various (depending on region),,,North West|East of England|North East|South West|East Midlands|Yorkshire and The Humber|West Midlands,Scaling firm focus,,Access to peer networks|Leadership development/capacity building|Skills training,Free,Programme,,1,2022,,,https://v2-scaleup-institute.pantheonsite.io/wp-content/uploads/2024/03/Create-growth-programme.png,Ecosystem,REVENUE GROWTH FOR BUSINESSES,Leadership,"The Create Growth Programme was launched in 2022 by the Department for Culture, Media & Sport (DCMS) in partnership with Innovate UK. It is designed to support the development of creative industries with high-growth potential and is delivered across different regions in England, outside of London. It aims to drive innovation and investment in the sector and supports early-stage and scaling businesses stimulate growth and attract private investment.

The programme was initially a £17.5 million investment in the sector, with up to £7 million provided by Innovate UK, and in July 2023, the previous government published its Sector vision in which it announced an additional £10.9 million to support a further six regions. Innovate UK provided another £6.92 million for the grant funding competition. Eligible businesses in Create Growth regions can apply to Innovate UK for grants and investor partnerships.",,Great Bridgewater Street,,,England,England,SN2 1FL,United Kingdom,"51.56673,-1.78476"
Creative Enterprise,2482,https://www.wearecreative.uk/support/creative-enterprise/,"Creative, digital, film, games & media",Creative Industries,,Provider type>Public/hybrid mix,,Creative UK,,,UK,Scaling firm focus,,Access to peer networks|Financial support/access|Leadership development/capacity building|Skills training,Free,Service,National Lottery,1,2021,Haley Edwards,creativeenterprise@creativeengland.co.uk,https://v2-scaleup-institute.pantheonsite.io/wp-content/uploads/2019/11/Creative-UK-logo.png,Support Offer,,Leadership,"Creative Enterprise aims to bring together companies who work in moving image for storytelling, spanning film and television, games and technology, to build meaningful connections and create opportunities for business growth. It provides a network and training for business leaders through events and bespoke workshops led by industry leaders and mentors. Creative Enterprise has been developed with National Lottery funding from the BFI, to make the moving image sector sustainable through creating new business opportunities through training and building of networks, whilst growing and scaling existing businesses.",|,|Victoria Street,|,|,England|England,England|England,M50 2AB,United Kingdom|United Kingdom,"53.47368,-2.30176"
EarthScale,,,,,,,,,,,,,,,,,,,,,,,,,,,,,,,,,,,
EM3 Growth Hub,2554,https://www.enterprisem3growthhub.co.uk/,Defence & Security|Engineering / Advanced Engineering|Life Sciences & Biotech|Technology & Communications,Advanced Manufacturing,,Provider type>Public/hybrid mix,,EM3 Growth Hub,1,1,South East,Scaling firm focus,,Access to corporate collaboration|Access to talent and skills|Financial support/access|Leadership development/capacity building|Skills training|Support for R&D and/or innovation|Support to enter international markets,Free,Service,,,,,info@enterprisem3.org.uk,https://v2-scaleup-institute.pantheonsite.io/wp-content/uploads/2019/11/enterprisem3.png,Ecosystem,,Leadership,"The Enterprise M3 Growth Hub is an expert advice and resource network which helps businesses achieve results quickly through a free personal, tailored service focused on Growth, aimed at businesses looking to succeed in the Enterprise M3 area. Delivered by UMi with its expert partners, SETsquared, Business South and the County Councils of Hampshire and Surrey, the Enterprise M3 Growth Hub is driving impact by working in new ways based on what businesses tell us they need, to help them fulfil their potential.",,,,,England,England,RG21 4HG,United Kingdom,"51.26805,-1.07419"
FastFutures: Avado Learning,15149,https://www.fastfutures.com/,Technology & Communications,Technology,,Provider type>Private sector,,Fast Futures,,,UK,Scaling firm focus,,Access to talent and skills|Skills training,Free,Service,,,2020,,,https://v2-scaleup-institute.pantheonsite.io/wp-content/uploads/2023/02/fast-futures-logo.png,Support offer,"ATTRACTION OF TALENT/SKILLS
",Talent and Skills,"Avado is a professional academy that helps people and businesses through interactive learning experiences in data, marketing, people and agility. FastFutures Apprenticeships and Skills Bootcamps offer role-specific training, career coaching, and mentoring sessions that unlock potential for individuals and organisations.",,"White City Campus, 58 Wood Lane",London,,England,England,W12 7RZ,United Kingdom,"51.51373,-0.22342"
FCA Regulatory Sandbox,15416,https://www.fca.org.uk/firms/regulatory-sandbox,Finance,Fintech,1,Provider type>Public/hybrid mix,,Financial Conduct Authority,,,UK,ScaleUp Institute Endorsed/One to Watch,,Access to corporate collaboration|Office space/hubs that focus on scaleups|Support for R&D and/or innovation,Free,Service,,,2016,,sandbox@fca.org.uk,https://v2-scaleup-institute.pantheonsite.io/wp-content/uploads/2019/11/FCA-web-2.png,Support Offer,,Infrastructure,"The Financial Conduct Authority’s Regulatory Sandbox, launched in 2016, provides a testing environment for innovative products and services in the real market with real customers. Its successful model has now been replicated across the globe, including Africa, East Asia and the Pacific regions.

Since its launch in 2016, the Regulatory Sandbox has operated on a cohort basis, but in August 2021, it moved to an always open model, allowing firms to submit their applications throughout the year, an approach also encouraged by the Kalifa Review of UK Fintech. Firms can now access testing services at any point throughout the year, at the point and time that is right in their development lifecycle. 

Under this new model, 22 firms have been accepted onto the programme, with their propositions operating across the retail lending, retail investments, retail banking, payments and wholesale sectors. The main types of innovation have continued to be dominated by data and technology infrastructure, with firms using AI/machine learning and predictive analytics, distributed ledger technology (DLT) / blockchain technology, open banking, APIs and digital ID. 

This year, following the successes of two Digital Sandbox pilots, the FCA launched the permanent FCA Digital Sandbox. The evaluation reports from the pilots have concluded that the Digital Sandbox initiative addresses the needs of early-stage and scaling firms, especially in the networking and collaboration. Almost 6 in 10 of the scaling participants have reported positive progress which has included securing  funding and partnership, launching products or receiving industry rewards and recognitions. Innovators across all financial service sectors can join the programme and to date, 58 participants are included across 9 themes: Consumer Investments Advice & Distribution; Cross-sectors & Other; Fund & Investment Management; Infrastructure & Exchange; Insurance; Payments; Retail Banking; Retail Lending; and Wholesale Banks & Intermediaries.

In 2022, FCA also launched the ‘Innovation Pathways’ programme, a bespoke support service for firms that are not yet ready to test but need help understanding the FCA regulatory regime prior to doing so. The programme helps businesses understand the process; regulation rules, the implications for their business model, and what they need to do to launch a regulated business. To achieve this, dedicated case managers, customised signposting, discussions and feedback with FCA subject matter experts, informal steers, pre-authorisation meetings, an assigned Authorisations case handler and dedicated supervisory support are available to support them. 

FCA also serves as chair for the Global Financial Innovation Network (GFIN), launched in 2019, bringing together over 70 international organisations committed to supporting financial innovation in the interests of consumers. Members include the Australian Securities and Investments Commission, the USA’s Consumer Financial Protection Bureau and Hong Kong Securities and Futures Commission. Building on the model developed by the FCA Sandbox, it has developed a cross-border testing environment for scaleups.",,,,,England,England,E20 1JN,United Kingdom,"51.54201,-0.00933"
Future Fifty,2495,https://technation.io/programmes/future-fifty/,Technology & Communications,Technology,,Provider type>Private sector,,Tech Nation,,,UK,Scaling firm focus,,Access to peer networks|Leadership development/capacity building|Skills training,Free,Service,,,,Johnny Mayo,johnnymayo@technation.io,https://v2-scaleup-institute.pantheonsite.io/wp-content/uploads/2019/12/Tech-Nation-web-logo.png,Support Offer,,Leadership,"Future Fifty aim to deliver a programme that enables you to develop your leadership skills, learn from others in the Future Fifty community, and apply those learnings in your workplace straight away. Companies selected to join the Future Fifty programme will receive; recognition as one of the UK’s most successful digital businesses, peer-to-peer networks, masterclass workshops led by global experts, access to government through sessions with key officials and exclusive ministerial roundtables and access to a dedicated Tech Nation Visa team.",|,Finsbury Avenue|Hardman Street,|,|,England|England,England|England,EC2M 2PA,United Kingdom|United Kingdom,"51.51964,-0.08408"
Gather,12428,https://gatherlcr.com/programmes,Technology & Communications,Technology,,Provider type>Public/hybrid mix,,Form,,,North West,Scaling firm focus,,Leadership development/capacity building,Delivered for a fee,,,,2020,,hello@gatherlcr.com,https://v2-scaleup-institute.pantheonsite.io/wp-content/uploads/2021/10/gather-logo.png,Ecosystem,,Leadership,"Gather is part of the Liverpool City Region Metro Mayor’s Business Growth Package. Launched in 2020, it delivers 1-2-1 support with dedicated growth consultants, a suite of events, activities and support programmes to digital, creative and tech-enabled businesses along with dedicated programmes for scaling businesses. It includres 3 programmes; Junction, Consult, Emerging Leaders.",,,,,England,England,L1 0AX,United Kingdom,"53.39599,-2.98213"
Global Business Innovation Programme,2560,https://www.innovateukedge.ukri.org/gbip,Technology & Communications,Technology,,Provider type>Innovate UK,,Innovate UK,,,UK,Scaling firm focus,,Support for R&D and/or innovation|Support to enter international markets,Free,Programme,,,,,,https://v2-scaleup-institute.pantheonsite.io/wp-content/uploads/2021/11/UKRI_IUK_EDGE_HORIZONTAL_LOGO_RGB-scaled-1.jpeg,Ecosystem,,Access to markets,"The Global Business Innovation Programme helps ambitious businesses build collaborations and partnerships in new markets, accelerating business growth.

Typically, up to 15 high-growth innovative businesses are supported to explore and exploit the opportunities that exist in specific markets and technology and innovation areas. The Global Business Innovation Programme (GBIP) provides the sort of detailed market knowledge, introductions and cultural insight that small companies would find difficult to generate themselves. The Programme is designed to help companies find partners, build collaborations and explore R&D and innovation opportunities.",||,||,||,||Stoke Gifford,England|England|England,England|England|England,SN2 1FL,United Kingdom|United Kingdom|United Kingdom,"51.56673,-1.78476"
Grow London Global,15436,https://www.grow.london/global,Environmental Science & Technology|Finance|Life Sciences & Biotech|Creative,Creative Industries,1,Provider type>Public/hybrid mix,,Grow London,,,London,ScaleUp Institute Endorsed/One to Watch,,Support to enter international markets,Free,Programme,London & Partners,Public/ Hybrid,2016,,,https://v2-scaleup-institute.pantheonsite.io/wp-content/uploads/2024/03/Grow-London-Global-Logo.png,Support Offer,,Access to markets,"In 2023, the Mayor of London’s International Business Programme (MBIP) rebranded as Grow London Global. Grow London Global is a free 12-month programme open to London-based scaleups with an annual turnover greater than £1m and less than £40m, or those that have secured £1m of external equity investment, and that employ between 10 and 250 people.

Over the past seven years the programme has helped more than 1,400 ambitious London scaleups to expand their businesses internationally. Participants span sectors including fintech, cyber and enterprise tech, life sciences and sustainability with alumni scaleup businesses including household names such as Bloom & Wild, Monzo and Revolut.

To meet the needs of the current economic and geopolitical environment, Grow London Global is an evolution of the MIBP programme with increased capacity to support more companies go global each year.  They also benefit from additional dedicated account managers with specialist sectoral expertise, and an even greater breadth of partners and connections whose knowledge and skills they can leverage. Grow London Global also offers a greater number of events and trade missions and carefully tailored programme content designed to meet the specific needs of each participating scaleup.

Trade missions introduce scaleups to global corporates and investors. They have helped more 1,000 London companies win trade deals worth more than £300m and raise more than £6.5bn of investment. Missions in the past year have included a <strong>Sustainability for Cities</strong> mission encompassing Rotterdam, Cologne and Berlin with participants meeting representatives from key companies including Bosch, Eurostar and Arcadis along with global real estate specialists Urban Land Institute and CBRE. A <strong>RetailTech</strong> mission in Paris involved BNP Paribas, Leroy Merlin and leading French luxury groups LVMH and Kering.

Two US trade missions took place in the latter part of 2022. A <strong>FinTech</strong> mission to New York included JP Morgan, Morgan Stanley and BMO while a <strong>US Life Sciences</strong> targeted the New York, New Jersey and Philadelphia markets with participating scaleups meeting with IBM, AT&T, Audible and Rutgers University.

During Birmingham Tech Week 2023, a new collaboration between the investment promotion agencies of the West Midlands and London was announced, with the aim of helping the region’s high-growth tech companies to achieve their global ambitions. The new partnership agreement, in collaboration with the West Midlands Growth Company (WMGC), will see the programme extended beyond London for the first time, with 10 high-growth tech companies from the West Midlands offered exclusive spaces.
<blockquote>“The programme was integral in introducing us to advisors and stakeholders that helped GripAble build our American market entry strategy, and back it up with investors, ultimately leading to our US launch and in closing of an investment round”</blockquote>
GripAble
<blockquote>“Fiskl would not have made as much progress had it not been part of the programme. Remarkable to see so many potential banking partners within a four-day online trade mission. Outside of the programme it can take up to 6 months to secure meetings with large banks and then another 18 months to develop the contract. Being part of the programme dramatically reduced this timeline”</blockquote>
Fiskl
<blockquote>“The programme was a worthwhile experience and has produced incredible results for Enferm. We will continue to remain involved as an alumni as we progress our US expansion”</blockquote>
Enferm",,Union Street,,,England,England,SE1 0LL,United Kingdom,"51.50362,-0.09859"
Growing Global Champions,11335,http://www.scaleupgroup.co,Technology & Communications,Technology,,Provider type>Private sector,,Scale Up Group,,,International|UK,Scaling firm focus,,Access to peer networks|Access to talent and skills|Financial support/access|Leadership development/capacity building,Delivered for a fee,Service,,,,Barbara Ravens,barbara@scaleupgroup.co,https://v2-scaleup-institute.pantheonsite.io/wp-content/uploads/2020/09/scaleupgroup-2.png,Support Offer,,Finance,"ScaleUp Group’s “Growing Global Champions” programme provides ScaleUp CEOs with access to this “money couldn’t buy” ScaleUp experience to develop sustainable UK/Global growth plans (Go-to-market, financial, technology, people), get fully investor ready and raise growth (Series A) funding. To date, ScaleUp Group’s Global Champions have successfully raised over £30m in growth funding.",,,,,England,England,EC2V 7AF,United Kingdom,"51.51661,-0.09408"
High Growth Programme (by the Berkshire Growth Hub),,https://berkshiregrowthhub.co.uk/high-growth-programme/,Sector agnostic,Professional Services,,Provider type>Public/hybrid mix,,Berkshire Growth Hub,,,SOUTH EAST,Scaling firm focus,,Leadership development/capacity building Skills training,Free,Programme,,1,2017,,online form,,Programme,,Leadership,"The Berkshire Growth Hub's High Growth Programme is a fully funded initiative designed to support small business owners in Berkshire aiming to scale their operations, increase turnover, and introduce new products or services. This structured programme provides up to 12 hours of intensive support, including one-on-one sessions with dedicated business advisers and access to masterclasses covering key areas such as sales and marketing, digital marketing, leadership and people management, and funding for growth. The programme is tailored to address individual business challenges, offering solutions-led support over a 4-6 week online commitment, culminating in a clear action plan for the next steps. Eligibility criteria include being an established business based in Berkshire, trading for over a year, and demonstrating a growth rate of at least 10% to 20% or possessing the ambition and capability to achieve this level of growth within the next three years.",RG1 1NH,Berkshire,,,,,SL6 1HN,,"51.520448, -0.722650"
Innovation Accelerator Programme,,https://www.ukri.org/what-we-do/browse-our-areas-of-investment-and-support/innovation-accelerator-programme/,"HEALTHCARE, LIFE SCIENCES & BIOTECH",Life Sciences,,Provider type>Public/hybrid mix,,WMCA,,,UK,Scaling firm focus,,"Skills training, Support for R&D and/or innovation",Free,Programme,DSIT,,,,,,Ecosystem,"REVENUE GROWTH FOR BUSINESSES, REGIONAL GROWTH",Infrastructure,,,,,,,,SN2 1FL,,"51.567087, -1.785081"
Lazaridis ScaleUp Program,15438,https://lazaridisinstitute.wlu.ca/programs/index.html,Technology & Communications,Technology,1,[Unclear online],,Lazaridis Institute,,1,International,ScaleUp Institute Endorsed/One to Watch,,Access to corporate collaboration|Access to peer networks|Leadership development/capacity building|Skills training|Support for R&D and/or innovation|Support to access public/private sector procurement,Free,Service,,,,,,https://v2-scaleup-institute.pantheonsite.io/wp-content/uploads/2021/10/Lazaridis.png,,,Leadership,"Canada’s Lazaridis ScaleUp Programme is a 12-month programme of education, peer networking and mentorship. Based at Wilfrid Laurier University, it brings together the most promising scaleup tech companies from across Canada and connects them with a network of senior talent from successful firms.

Customised engagement is designed to help them to scale and compete globally while remaining domiciled in Canada. Cohorts of the most promising companies are selected from a diverse range of sectors including AI, medtech, fintech, agritech, tech-enabled retailers and oil and gas. Support is extended to the wider executive teams of scaleups rather than focusing solely on founders; this includes access to function-oriented peer groups.

Lazaridis runs all-cohort events to further expand trusted peer networks with speakers drawn from globally successful companies. The ScaleUp programme has been delivered on a hybrid model since the pandemic, allowing to complement and enrich in-person events with the best of virtual learning practices. In 2023, the current cohort participants were brought to Palo Alto and New York, in both cities, scaleups took advantage of the visit to book time with customers, partners, and potential investors.

Since its launch in 2016, Lazaridis has supported 829 executives and 83 scaling companies that have raised more than CA$2.2bn in new funding and created 4,285 jobs. Now on its eighth cohort, the programme has a strong impact on scaleups. Scaleups show an average annualised growth rate of 53% in employment and 114% in revenues, while all participating scaleups reported increased confidence or leadership capacity. Additionally, 89 per cent of the participating scaleups have now  identified new markets, , 67 per cent have now started exporting, and 78 per cent have accessed new markets including Europe, Asia, Middle East, UAE and USA.

In October 2022, Lazaridis also hosted its first in-person all-cohort event since 2019. Supported by serial entrepreneur Marnie Walker, the event gave more than 50 scaleups the opportunity to share experiences and learn from Lazaridis mentors and industry luminaries.

The programme’s commitment to diversity is a key priority with 46 percent of founders being from an under-represented group. Cleantech and greentech companies and social enterprises represent 20 percent of Lazaridis scaleups.
<blockquote>“One of the most valuable aspects of Lazaridis ScaleUp is the network that you create with your peers. Everyone is an absolute rock star!”</blockquote>
Marnee Brick, President and Co-Founder, TinyEYE Therapy Services
<blockquote>“I find the opportunity to interact with our cohort colleagues to be the most valuable part of the Lazaridis program. I had good conversations with several peers and gained insights and ideas about what we can implement in our company.”</blockquote>
Jesse Smith, VP of Product, Agency Analytics",,,,,,,N2L 3C5,,"43.472283, -80.526840"
Lloyds Bank Social Entrepreneurs Scale Up Programme,2576,https://www.the-sse.org/courses/lloyds-bank-scale-up-programme-2018/,Impact Ventures / Social Impact,Professional Services,,Provider type>Private sector,,LLoyds Bank,,,UK,Scaling firm focus,,Financial support/access|Leadership development/capacity building|Skills training,Free,Programme,,,,,,https://v2-scaleup-institute.pantheonsite.io/wp-content/uploads/2019/11/lloysbank.png,Financier,,Leadership,"Lloyds Bank Social Entrepreneurs Scale Up Programme is for established social enterprises, with plans to significantly scale up their social impact. The programme helps social entrepreneurs to increase their resilience, develop different income streams and different remote and flexible working patterns. Scaling social businesses are further are supported with:
<ul>
 	<li>Up to £7,000 Trade Back grant</li>
 	<li>Free learning programme (14 days spread over a year) focused on recovery, rebuilding, resilience and managing change</li>
 	<li>A support network</li>
 	<li>A mentor</li>
</ul>",,,,,England,England,EC2N 3AH,United Kingdom,"51.51533,-0.08281"
Match-Maker Ventures,15443,https://www.match-maker.ventures/,Finance,Fintech,,Provider type>Private sector,,Match-Maker Ventures,,,International,ScaleUp Institute Endorsed/One to Watch,1,Support to enter international markets,Delivered for a fee,Product,,,2015,,,https://v2-scaleup-institute.pantheonsite.io/wp-content/uploads/2019/11/MMV-2.png,Support Offer,,Access to markets,"Match-Maker Ventures (MMV) aims to build a world where business collaboration has no borders.  To achieve this, MMV matches growing businesses with established telecom corporations, accelerating the process of collaboration.

MMV’s approach is powered by robust networks and deep telecom industry knowledge. It leverages its network members who have executive experience in the telecom industry – called “Match-Makers” – to match scaling businesses with large corporates, managing the collaboration process from end to end. In the last year, MMV shifted its portfolio focus further on to scaleups to promote significant collaborations with corporate customers and continue to grow. Its ‘Lead Identification and Account Management’ function uses sophisticated analytical tools to identify business opportunities for its scaleup portfolio. To date these tools have mapped over 150,000 connections and MMV further increases scaleups’ visibility using its marketing channels. 

To manage the fact that selling to large corporates is not a direct process, participating companies are offered a phased programme. Scaling businesses are initially offered a market strategy and sales preparation that examines their business model, agrees on a sales approach and identifies the profile of the right target customer. They are also assigned a solution manager to support the joint activities. In the second phase, the network of Match-Makers then approaches priority companies, future partners, customers and resellers, to open doors and offer hands-on support to the company’s sales activities, from first discussions all the way to contract signature and scaling of the joint activities. 

MMV’s global network has a global footprint and is continuing to broaden its network especially in the telecom industry. It is also continuing to develop its presence in key strategic growth areas in Latin America and the Middle East. 

In 2022 MMV hosted 15+ deep dive sessions to support its portfolio of scaleups alongside their Deep Dive Festival aiming to facilitate business opportunities by giving scaleups the platform to share their value propositions and key business insights with industry experts to augment and accelerate business impact.",|,|,|,Vienna|,Vienna|,Vienna|,,Austria|Austria,AT|AT
Multiverse,15151,https://www.multiverse.io/en-GB/programmes,Technology & Communications,Technology,,Provider type>Private sector,,Multiverse,,,International|UK,Scaling firm focus,,Access to talent and skills|Skills training,Delivered for a fee,Service,,,2016,,,https://v2-scaleup-institute.pantheonsite.io/wp-content/uploads/2023/02/multiverse-logo.png,Support offer,"ATTRACTION OF TALENT/SKILLS
",Talent and Skills,"Multiverse provides apprenticeship programmes that combine work, training and community. Since starting in 2016, they have trained over 5,000 apprentices in partnership with more than 200 employers worldwide. Focusing on the skills of the future, the programmes range from software engineering to data analytics to business analysis.",,Eastbourne Terrace,,,England,England,W2 6LG,United Kingdom,"51.51675,-0.17920"
North East Create Growth Programme,17996,https://www.wearecreative.uk/support/regional-growth-programmes/north-east-cgp/,"Creative, Digital, Film, Games & Media",Creative Industries,,Provider type>Public/hybrid mix,,Creative UK,,,North East,Scaling firm focus,,Access to peer networks|Leadership development/capacity building,Free,Programme,"North of Tyne Combined Authority, Durham County Council, Gateshead Council, Newcastle City Council, North Tyneside Council, Northumberland County Council, South Tyneside Council, Sunderland City Council, Generator, Sunderland Software City, North East Screen, New Writing North, Creative Fuse and North East Local Enterprise Partnership|DCMS",1,2022,,northeast@wearecreative.uk,https://v2-scaleup-institute.pantheonsite.io/wp-content/uploads/2024/04/North-East-Create-Growth-Programme.png,Support Offer,,Leadership,"The North East Create Growth Programme delivers a bespoke business development and growth package tailored to the specific needs of high-growth potential creative businesses, with the aim of building businesses’ management skills and understanding of different finance routes to support business growth.",,,,,,,M50 2AB,,"53.470912, -2.295287"
Raise,2587,https://www.pwc.co.uk/private-business-private-clients/raise/programme-supporting-high-growth-scale-ups-series-a.html,Technology & Communications,Technology,,Provider type>Private sector,,PWC,,,UK,Scaling firm focus,,Access to corporate collaboration|Financial support/access|Skills training,Delivered for a fee,Service,,,,Thomas Hudson,,https://v2-scaleup-institute.pantheonsite.io/wp-content/uploads/2019/11/pwc.png,Financier,,Finance,"The objective of Raise is to make the fundraising process for entrepreneurs and investors as efficient as possible, and minimise the high levels of disruption typically associated with a fundraise for the management team. Split into three parts it covers intensive workshops, investor engagement and ongoing negotiation support.",,Embankment Place,,,England,England,WC2N 6RH,United Kingdom,"51.50799,-0.12469"
ScaleUp Berkshire,12444,https://scaleupberkshire.co.uk/,,Professional Services,,Provider type>Public/hybrid mix,,,,1,South East,Scaling firm focus,,Leadership development/capacity building,Free,,,,2018,,,https://v2-scaleup-institute.pantheonsite.io/wp-content/uploads/2021/10/GH-TVB-logo.jpg,,,Leadership,"ScaleUp Berkshire, launched in 2018, is helping scaleup business leaders understand what is available and working to connect them with the right programme of support, drawing on the wide range of scaleup services on offer. It is based on an account management model and targets high-growth businesses that have achieved turnover in excess of £1m, linking them with specialist support delivered through a range of private and public sector experts. ",,,,,,,OX1 4EH,,"51.751684, -1.258832"
Sharing in Growth (SiG),15403,https://www.sig-uk.org/,Engineering / Advanced Engineering,Advanced Manufacturing,1,Provider type>Public/hybrid mix,,Sharing in Growth,,,UK,ScaleUp Institute Endorsed/One to Watch,,Leadership development/capacity building|Skills training,Delivered for a fee,Programme,,,2013,Andy Page,andy.page@sig-uk.org,https://v2-scaleup-institute.pantheonsite.io/wp-content/uploads/2019/11/sharing-in-growth-2.jpg,Support Offer,,Access to markets,"
Launched in 2013, Sharing in Growth’s (SiG) aim is to support scaling businesses in the UK’s manufacturing and engineering supply chains to improve their productivity and competitiveness and be better placed to win a share of global markets. Over the last 10 years SiG has collaborated with over 100 companies across a range of industries, initially focused on aerospace it now supports diverse busineses including  defence, offshore renewables, medical (NHS), Modular Methods of Construction (MMC), and nuclear sectors.

Supported by a team of 100 business coaches, scaling firms with turnover between £5m-£100m, are offered long-term, intensive and holistic leadership and management support. Over four years, a typical beneficiary receives around £1m worth of training and development. There is no upfront funding commitment, however businesses are asked to match the value of support in-kind.

The programme is delivered over three phases: first, a whole firm diagnostics assessment; second a “develop” phase of high intensity training over two years; and finally, a “sustain” phase over 2-3 years to ensure that support is embedded. Throughout this period, alongside assistance from their business coach, scaling businesses receive support from a network of 19 specialist partners including the University of Cambridge’s Institute for Manufacturing, Deloitte, Multiverse and the National Physical Laboratory. Launched in 2022, SiG also provides an online learning platform to supplement onsite coaching and increase the speed and impact of business transformation. It covers 10 key areas including operational excellence, lean leadership behaviours, quality, and supply chain management.

The last few years’ complex economic challenges due to Covid-19 and the transition to new trading arrangements with Europe and beyond has made the key programme deliverables of accelerating productivity, diversifying and winning new customers vital. The programme’s independent assessment, published in 2021 by BEIS, showed significant impact and specifically on employment and turnover. Scaling businesses completing the programme, showed 30% more average turnover growth than the control group companies. Additionally, participants reported a positive impact of SiG on leadership attitudes and behaviours and business strategy. This resulted in improvements in wider workforce engagement, confidence and behaviour to implement changes within businesses.
“Since the start of our partnership, the support of Sharing in Growth has helped Rockford to develop our business significantly, transform our culture, create a farsighted strategy and deliver operational performance in line with world-class practices. As a result, we have secured c. £30 million in contracts and grown our workforce by 50%.”
Peter Lion, Managing Director, Rockford",,,,,,,DE24 8BJ,,"52.91494,-1.46562"
Shott Scale Up Accelerator,15327,https://enterprisehub.raeng.org.uk/shott-scale-up,Engineering / Advanced Engineering,Advanced Manufacturing,1,Provider type>Public/hybrid mix,Provider type: Universities/ Business School,Royal Academy of Engineering,,,UK,ScaleUp Institute Endorsed/One to Watch,,Leadership development/capacity building,Free,Programme,,,2013,,shottscaleup@raeng.org.uk,https://v2-scaleup-institute.pantheonsite.io/wp-content/uploads/2020/11/raenew.png,Support Offer,SECTORAL DEVELOPMENT,Leadership,"The Royal Academy of Engineering celebrates a decade of supporting talented entrepreneurs and decision makers to transform breakthrough engineering innovations into disruptive spinouts, early stage, scaling businesses and scaleups that have a real impact on society. Its Scale Up Accelerator empowers leaders of high-growth engineering and tech businesses by equipping them with the leadership skills and insights needed to scale up successfully.

The programme offers a tailored 12-month package of leadership training, coaching and business mentoring, backed by a £10k grant to fund training of participants’ choosing. Each cohort of 15 scaling leaders is also connected with mentors from the Academy’s network 1,700+ fellows.

Mentors have industry and tech businesses scaling experience, so they can support with technology and business needs. This sits alongside expert-led workshops, speaker events, fireside chats and investor referrals. The range of support offered allows participants to create a bespoke package tailored to their scaling priorities and ambitions.

Upon graduation participants are given lifetime membership of the Academy’s Enterprise Hub, with access to its co-working spaces in London and Belfast and a new hub Glasgow, which opened in 2023. Additionally the Academy has developed a new exclusive alumni programme <span style=""color: #ff9900;""><a style=""color: #ff9900;"" href=""https://enterprisehub.raeng.org.uk/explore"">EXPLORE</a></span> to help previous programme participants to tap into overseas  markets and ecosystems and access investors; it also facilitates peer-to-peer networking events, connections, and ongoing mentoring opportunities for alumni.

Other new developments in the past year include increasing the number of participants per cohort and extending programme duration to 12 months, giving scaling leaders an additional six months to access support. A new Culture+ platform – developed in partnership with The Honeycomb Works – is a dedicated equality, diversity and inclusion (EDI) resource for scaling companies, giving access to training, policy templates, checklists, case studies, and opportunities for self and peer reflection.

Since 2016, 143 scaleup leaders have participated in the programme, more than 3,000 new jobs have been created and company valuations have increased by £1.76bn. On average, participants increased their employment by more than 50 per cent after 12 months of support and received £976m in investment and £133m in grant funding since the programme started.
<blockquote>“The Shott Scaleup accelerator is designed for skilled executives who have identified a knowledge gap that they want to work on both individually and professionally. It’s a structured and supportive environment to learn from peers, coaches, mentors, and the wider RAEng network. It’s a really great opportunity for industry leaders to explore new ways of thinking, working, and strategizing for growth.”</blockquote>
Amber Michelle Hill, Research Grid
<blockquote>“The Shott Scale Accelerator Programme has been transformative for myself as a leader and for my organisation as we grow. It has equipped me with skills, knowledge and networks that will help propel us forward.”</blockquote>
James Willard, MicrofluidX
<blockquote>“I set out to grow as a leader to grow the business and the programme has achieved that. I feel more confident and have been given a range of practical and helpful tools.”</blockquote>
Vicky De Groof, Holiferm",,Carlton House Terrace,,,England,England,SW1Y 5DG,United Kingdom,"51.50569,-0.13300"
Silverstone Technology cluster,13256,https://www.silverstonetechnologycluster.com/,Engineering / Advanced Engineering|Technology & Communications,Advanced Manufacturing,,Provider type>Public/hybrid mix,,Silverstone Technology Cluster,,,East Midlands|South East,Scaling firm focus,,Leadership development/capacity building,Delivered for a fee,Programme,,,2017,,admin@silverstonetechnologycluster.com,https://v2-scaleup-institute.pantheonsite.io/wp-content/uploads/2022/11/silverstonetechnologycluster.png,Ecosystem,SECTORAL DEVELOPMENT,Leadership|Infrastructure,"The Silverstone Technology Cluster (STC) helps Advanced Engineering, Electronics and Software businesses in the wider geographical area surrounding Silverstone. The STC is specifically focused on the areas of Promotion, Support and Thought Leadership. It offers expert support, mentoring, peer learning, events and networking opportunities.",Silverstone Park,,,Silverstone,England,England,NN12 8GX,United Kingdom,"52.07784,-1.02417"
STEP INto Healthcare,2601,https://www.businessgrowthhub.com/step-into-healthcare,Healthcare|Life Sciences & Biotech,Life Sciences,,Provider type>Public/hybrid mix,,Health Innovation Manchester,,,North West,Scaling firm focus,,Access to corporate collaboration|Access to peer networks|Support for R&D and/or innovation|Support to access public/private sector procurement,Free,Programme,,,,,IN@healthinnovationmanchester.com,https://v2-scaleup-institute.pantheonsite.io/wp-content/uploads/2019/11/businessgrowthhub.png,Ecosystem,,Access to markets,"The STEP INto Healthcare programme, in partnership with TRUSTECH and Health Innovation Manchester, will help you improve your pitch to potential investors and customers, and increase your chances of success in the life sciences market.

Designed for businesses in the life sciences sector with aspirations to scale-up, the programme provides access to networks, strategic knowledge and market opportunities, through one-to-one support and a number of workshops with leading industry experts.",,,,,England,England,M13 9NQ,United Kingdom,"53.46223,-2.22848"
Sustainable Scale Up Cluster,12990,https://www.sustainablescaleupcluster.wales/,Food & Drink,Net Zero,,Provider type>Public/hybrid mix,,BIC Innovation,,,Wales,Scaling firm focus,,Leadership development/capacity building|Skills training,Free,Service,,,,,bwyd-food@bic-innovation.com,https://v2-scaleup-institute.pantheonsite.io/wp-content/uploads/2021/12/foodand-drink-scale-up-cluster.png,Support Offer,,Leadership,"Helping ambitious Welsh food and drink businesses scale up sustainably, the Sustainable Scale Up Cluster is supporting businesses to tackle the 4 key challenges to successful scale up:</p>
• CAPACITY to scale up
• Access to CAPITAL to scale up
• Access to the right COMPETENCIES and talent to scale up
• Having the CONFIDENCE to scale up and avoiding the overtrading trap",,Court Road,,,Wales,Wales,CF31 1BE,United Kingdom,"51.50654,-3.57631"
The ScaleUp Accelerator,10661,https://thescaleupaccelerator.com/,Technology & Communications,Technology,,Provider type>Private sector,,The ScaleUp Accelerator,,,UK,Scaling firm focus,,Access to peer networks|Leadership development/capacity building,Delivered for a fee,Programme,,,,Clarelisa Camilleri,clarelisa@theacceleratornetwork.com,https://v2-scaleup-institute.pantheonsite.io/wp-content/uploads/2020/05/scaleupaccelerator.png,Support Offer,,Leadership,"The ScaleUp Accelerator is a 6-month programme for founders to develop a credible plan and investor proposition to raise Series A through training and mentoring, starting with 6 weekly day-long sprints followed by 1:1 support. The programme dives into key business areas with London’s scaleup experts and investors, plus 1:1 feedback on growth strategy, sales plans, marketing, legals and finance to scale and attract the necessary growth funding. Thereafter, guidance on business plans and financial models is provided, concluding with highly-curated investor presentations. Post-pitching is followed by comprehensive 1:1 support to help you structure and close your VC round.",,Borough High Street,,,England,England,SE1 1NP,United Kingdom,"51.50361,-0.09112"
AMRC Scale-up,,https://www.amrc.co.uk/pages/amrc-scale-up,,Advanced Manufacturing,,,,,,,,,,,,,,,,,,,,,,,,,,,,,S60 5TZ,United Kingdom,"53.3876395,-1.3765916"
Lancashire Advanced Engineering and Manufacturing (AEM) Watchtower Programme,,https://www.aerospace.co.uk/programmes/watchtower-2/,,Advanced Manufacturing,,,,,,,,,,,,,,,,,,,,,,,,,,,,,BB9 9BT,United Kingdom,"53.834728,-2.210295"
Made Smarter,,https://www.madesmarter.uk/,,Advanced Manufacturing,,,,,,,,,,,,,,,,,,,,,,,,,,,,,M1 5JW,United Kingdom,"53.474951, -2.243761"